{"cameraMode":{"drawMode":2,"name":"Shaded Wireframe","section":"Shading Mode"},"sceneLighting":true,"audioPlay":false,"sceneViewState":{"m_AlwaysRefresh":false,"showFog":true,"showSkybox":true,"showFlares":true,"showImageEffects":true,"showParticleSystems":true,"showVisualEffectGraphs":true,"m_FxEnabled":true},"in2DMode":false,"pivot":{"x":1.5001871585845948,"y":0.3264423906803131,"z":0.24001289904117585},"rotation":{"x":0.09050136059522629,"y":-0.7556266784667969,"z":0.10682588070631027,"w":0.6399021148681641},"size":0.7025174498558044,"orthographic":false}