{"cameraMode":{"drawMode":2,"name":"Shaded Wireframe","section":"Shading Mode"},"sceneLighting":true,"audioPlay":false,"sceneViewState":{"showFog":true,"showMaterialUpdate":false,"showSkybox":true,"showFlares":true,"showImageEffects":true,"showParticleSystems":true},"in2DMode":false,"pivot":{"x":17.620447158813478,"y":2.6080055236816408,"z":4.1862664222717289},"rotation":{"x":-0.06269727647304535,"y":0.6220568418502808,"z":0.05000874772667885,"w":0.7788724899291992},"size":22.0,"orthographic":false}